,residue,probability for non-RNA binding,probability for rRNA binding,probability for tRNA binding,probability for snRNA binding,probability for mRNA binding,probability for SRP binding,multi_class label,fpr5_label
0,M,0.7816992998123169,0.2067004144191742,0.011527251452207565,1.2995183169550728e-06,3.987672971561551e-05,3.186810135957785e-05,0,0
1,K,0.7623551487922668,0.21628479659557343,0.021266479045152664,3.6219839785189833e-06,5.251924812910147e-05,3.741435648407787e-05,0,0
2,I,0.6418117880821228,0.3269532322883606,0.030848408117890358,1.5780071862536715e-06,0.0001243579899892211,0.00026058393996208906,0,0
3,A,0.5390830636024475,0.451220840215683,0.009089102037250996,7.432057032019657e-07,0.00016434943245258182,0.0004419375618454069,0,0
4,K,0.15777136385440826,0.6583063006401062,0.18135254085063934,2.2580592485610396e-05,0.0018731398740783334,0.0006740923854522407,1,0
5,V,0.1488475650548935,0.46777209639549255,0.37617918848991394,6.312853656709194e-05,0.005765316542237997,0.0013726881006732583,1,0
6,I,0.11747537553310394,0.5865071415901184,0.2841936945915222,0.00024971881066448987,0.010443879291415215,0.0011301387567073107,1,0
7,N,0.002010017866268754,0.4062480032444,0.5506528615951538,0.00018163895583711565,0.038303036242723465,0.002604409586638212,2,1
8,N,0.0006509594968520105,0.30220431089401245,0.6154148578643799,0.0006762942066416144,0.07837064564228058,0.0026828995905816555,2,1
9,N,0.00026295793941244483,0.35650891065597534,0.543587863445282,0.00032417563488706946,0.09186799079179764,0.007448074407875538,2,1
10,V,0.010327190160751343,0.5414497256278992,0.4389473795890808,2.164815305150114e-05,0.008713851682841778,0.000540182285476476,1,0
11,I,0.5874506235122681,0.329135537147522,0.08244961500167847,3.0503022571792826e-05,0.00042079208651557565,0.0005129655473865569,0,0
12,S,0.7201093435287476,0.2677232623100281,0.012096614576876163,1.1788142728619277e-06,4.237148823449388e-05,2.7212143322685733e-05,0,0
13,V,0.799024224281311,0.20092301070690155,4.3272557377349585e-05,7.840247917556553e-08,8.040416105359327e-06,1.4012291558174184e-06,0,0
14,V,0.63367760181427,0.3657495379447937,0.0005481216940097511,2.3526995107658877e-07,2.2296453607850708e-05,2.256132574984804e-06,0,0
15,N,0.6630874276161194,0.3339322507381439,0.002968819346278906,1.7618329195556726e-07,9.045076694746967e-06,2.2785009150538826e-06,0,0
16,E,0.7027867436408997,0.2961953580379486,0.000948128872551024,6.627940933867649e-07,5.384961696108803e-05,1.5258909115800634e-05,0,0
17,Q,0.6914026737213135,0.30765095353126526,0.0008459036471322179,2.0111892808927223e-06,7.7594377216883e-05,2.0904099073959514e-05,0,0
18,G,0.6483062505722046,0.3340538442134857,0.017614053562283516,5.69046392229211e-07,1.6279072951874696e-05,9.012591362989042e-06,0,0
19,K,0.7141790986061096,0.2790824770927429,0.0066419742070138454,3.7059421629237477e-06,6.875276449136436e-05,2.4063414457486942e-05,0,0
20,E,0.6053337454795837,0.38584184646606445,0.00880611315369606,2.0229390429449268e-07,1.5479025023523718e-05,2.611851869005477e-06,0,0
21,L,0.6718482971191406,0.32348790764808655,0.004628315567970276,1.95113813106218e-07,2.254720493510831e-05,1.2721332495857496e-05,0,0
22,V,0.7554006576538086,0.23938961327075958,0.005116584710776806,1.612248183846532e-06,5.91899806750007e-05,3.239121360820718e-05,0,0
23,V,0.7623900771141052,0.230355903506279,0.007178857922554016,4.5210053940536454e-06,3.4852055250667036e-05,3.585408558137715e-05,0,0
24,M,0.5854476690292358,0.24045808613300323,0.17139078676700592,0.00019316271936986595,0.0020490570459514856,0.0004612866323441267,0,0
25,G,0.3386109173297882,0.3749611973762512,0.24255840480327606,0.0014350544661283493,0.0366283617913723,0.005806079600006342,1,1
26,R,0.0053374734707176685,0.3077777326107025,0.3741886019706726,0.0022442780900746584,0.25157099962234497,0.05888092517852783,2,1
27,G,0.005042446777224541,0.2698729634284973,0.4258548617362976,0.0007761176093481481,0.29233571887016296,0.006117892451584339,2,1
28,L,0.010805293917655945,0.3326544165611267,0.32846933603286743,0.0007775397971272469,0.2977678179740906,0.029525578022003174,1,1
29,A,0.0023045078851282597,0.3712814152240753,0.35664257407188416,0.000187480152817443,0.2682645320892334,0.0013195343781262636,1,1
30,F,0.0014473827322944999,0.2867104113101959,0.3800390362739563,0.00016393330588471144,0.3271757662296295,0.00446349335834384,2,1
31,Q,0.016543075442314148,0.42429813742637634,0.2693210542201996,0.0003240348305553198,0.2853718400001526,0.004141845740377903,1,1
32,K,0.05790073424577713,0.2825232744216919,0.4555266797542572,0.00020326946105342358,0.20352379977703094,0.0003222202940378338,2,1
33,K,0.5765351057052612,0.35131341218948364,0.05935727432370186,5.7936704251915216e-05,0.012664586305618286,7.172188634285703e-05,0,1
34,S,0.7154566049575806,0.22044432163238525,0.06223931163549423,1.029915438266471e-05,0.0018089152872562408,4.052666554343887e-05,0,0
35,G,0.7872170209884644,0.21159538626670837,0.0011443800758570433,9.923942343448289e-07,4.070046270499006e-05,1.4488848592009163e-06,0,0
36,D,0.7995703220367432,0.2003190517425537,8.608845382696018e-05,8.763751111473539e-07,2.276321356475819e-05,9.168646215584886e-07,0,0
37,D,0.7991909980773926,0.20046786963939667,0.00031521139317192137,6.668094101769384e-06,1.6355506886611693e-05,2.7848323043144774e-06,0,0
38,V,0.7999115586280823,0.20003223419189453,4.789173908648081e-05,1.548596969769278e-06,5.083843461761717e-06,1.6861058611539192e-06,0,0
39,D,0.799219012260437,0.20013007521629333,0.0005552366492338479,1.4370089047588408e-05,6.886284245410934e-05,1.2463790881156456e-05,0,0
40,E,0.7940605878829956,0.20440025627613068,0.001503639155998826,3.730742946572718e-06,2.6415353204356506e-05,5.376433819037629e-06,0,0
41,A,0.7983819842338562,0.20078524947166443,0.0007257711258716881,2.267941636091564e-05,5.1639031880768016e-05,3.263413964305073e-05,0,0
42,R,0.5123347043991089,0.2839157283306122,0.20055489242076874,0.00023214725661091506,0.002425926737487316,0.0005366140976548195,0,0
43,I,0.7950727343559265,0.20206952095031738,0.0028001649770885706,3.806062068179017e-06,3.850549182971008e-05,1.526421146991197e-05,0,0
44,E,0.6158658266067505,0.2559564411640167,0.12774498760700226,1.1208658179384656e-05,0.00032610606285743415,9.551904804538935e-05,0,0
45,K,0.46090182662010193,0.4183896481990814,0.11899338662624359,4.787720172316767e-05,0.001163531793281436,0.0005037131486460567,0,0
46,V,0.7626900672912598,0.23510484397411346,0.0020606631878763437,6.076186878090084e-07,0.00012578119640238583,1.802185215638019e-05,0,0
47,F,0.6077402234077454,0.37018007040023804,0.021669462323188782,5.0366579671390355e-06,0.0003826124593615532,2.262156704091467e-05,0,0
48,T,0.7204551100730896,0.2785668969154358,0.0007607433944940567,7.613927550664812e-07,0.0002006608119700104,1.5805660950718448e-05,0,0
49,L,0.6993672251701355,0.2985827922821045,0.0016401804750785232,2.363465000598808e-06,0.00039898016257211566,8.412758688791655e-06,0,0
50,D,0.5327661633491516,0.4377603530883789,0.027456849813461304,1.3037793905823492e-05,0.0019503117073327303,5.3327948990045115e-05,0,0
51,N,0.4680308401584625,0.44514647126197815,0.08373264968395233,5.415906343841925e-05,0.002978149801492691,5.784366658190265e-05,0,0
52,K,0.3559507727622986,0.405864417552948,0.2341311275959015,0.00013335105904843658,0.0038256333209574223,9.468496864428744e-05,1,0
53,D,0.553497850894928,0.2783336341381073,0.16480350494384766,9.487679926678538e-05,0.003136423183605075,0.00013368111103773117,0,0
54,V,0.7110421061515808,0.21822580695152283,0.06842213869094849,3.054527041967958e-05,0.0022462427150458097,3.3088635973399505e-05,0,0
55,S,0.5791155099868774,0.21878249943256378,0.19715234637260437,0.00013969064457342029,0.004729400388896465,8.054087084019557e-05,0,0
56,E,0.5929489135742188,0.21229025721549988,0.1922248899936676,8.888037700671703e-05,0.002409214386716485,3.782965359278023e-05,0,0
57,K,0.23907537758350372,0.220803901553154,0.5303401350975037,0.0008164439350366592,0.008759221993386745,0.00020495476201176643,2,0
58,F,0.5848826169967651,0.2087421417236328,0.2033175677061081,7.385633944068104e-05,0.0029559340327978134,2.793740713968873e-05,0,0
59,K,0.5742839574813843,0.22160840034484863,0.19854864478111267,0.00012741531827487051,0.005371869541704655,5.963189687463455e-05,0,0
60,T,0.610965371131897,0.2390574961900711,0.1489429771900177,2.5691580958664417e-05,0.000993805006146431,1.4723589629284106e-05,0,0
61,L,0.7539834380149841,0.21204614639282227,0.033481694757938385,1.3425519682641607e-05,0.0004690235364250839,6.2155349951353855e-06,0,0
62,L,0.6877737045288086,0.219705730676651,0.09118706732988358,5.636940386466449e-06,0.0013187855947762728,9.053520443558227e-06,0,0
63,Y,0.3104610741138458,0.28224992752075195,0.4044663906097412,1.749027615005616e-05,0.0027670301496982574,3.807886241702363e-05,2,0
64,D,0.606625497341156,0.3043241798877716,0.08736088126897812,3.932677827833686e-06,0.0016719602281227708,1.3509377822629176e-05,0,0
65,I,0.7750581502914429,0.2220214307308197,0.0025707841850817204,1.631002646718116e-06,0.00034245586721226573,5.433978913060855e-06,0,0
66,P,0.7909311056137085,0.2076304405927658,0.0011517888633534312,1.1873246421600925e-06,0.00028174067847430706,3.7283880374161527e-06,0,0
67,I,0.7716605067253113,0.2248622179031372,0.002979614771902561,2.6688287562137702e-06,0.00047995452769100666,1.5028221241664141e-05,0,0
68,E,0.7938302755355835,0.20587995648384094,0.00027738980134017766,3.812774451716905e-08,1.1765917406592052e-05,5.478803473124572e-07,0,0
69,C,0.7990410923957825,0.20090818405151367,3.4546737879281864e-05,2.6046564016724005e-08,1.558355870656669e-05,6.320174747997953e-07,0,0
70,M,0.7867298722267151,0.21005718410015106,0.0031951568089425564,3.863492992195461e-08,1.712821176624857e-05,6.113741051194665e-07,0,0
71,E,0.798943817615509,0.2009504735469818,0.00010342900350224227,2.3236760071654317e-08,2.2006577182764886e-06,6.884508252369415e-08,0,0
72,V,0.7996155023574829,0.20036649703979492,1.6685149603290483e-05,1.4753545940493495e-08,1.2224069223520928e-06,2.9785756083811066e-08,0,0
73,S,0.7994077205657959,0.2005815953016281,6.845382358733332e-06,1.7527487017332533e-08,3.636472683865577e-06,1.7817767172800814e-07,0,0
74,E,0.7819184064865112,0.21766915917396545,0.0004002239147666842,3.5740018944352414e-08,1.1313888535369188e-05,8.672451485836064e-07,0,0
75,E,0.7942885756492615,0.20569069683551788,1.2586609045683872e-05,1.913263147912403e-08,7.67607161833439e-06,4.482326971810835e-07,0,0
76,I,0.7996918559074402,0.20030078291893005,3.285171942479792e-06,4.124497721136322e-08,3.886881586367963e-06,1.1242924813359423e-07,0,0
77,I,0.7930507063865662,0.20689411461353302,1.1642616300377995e-05,5.2364207192567847e-08,4.17609371652361e-05,1.7253560145036317e-06,0,0
78,S,0.7954965233802795,0.20443864166736603,3.1299921829486266e-05,8.09566103043835e-08,3.2266667403746396e-05,1.1644478945527226e-06,0,0
79,Y,0.7778351902961731,0.2220562994480133,3.0504108508466743e-05,2.1214911782863055e-07,7.557633216492832e-05,2.292340013809735e-06,0,0
80,A,0.7968831658363342,0.203095942735672,9.900327313516755e-06,1.564205653892259e-08,1.0061203283839859e-05,9.118076604863745e-07,0,0
81,K,0.732617974281311,0.26703423261642456,0.0002607764326967299,2.2940949406802247e-07,8.036802319111302e-05,6.487226528406609e-06,0,0
82,L,0.7823837995529175,0.21724970638751984,0.00030072283698245883,1.4312067264654615e-07,6.454686808865517e-05,1.0818109785759589e-06,0,0
83,Q,0.7719241976737976,0.22776064276695251,0.00015665734827052802,1.8345839691846777e-07,0.00015338392404373735,4.94869800604647e-06,0,0
84,L,0.7973143458366394,0.20258808135986328,5.632609827443957e-05,4.8356234572111134e-08,4.0202095988206565e-05,9.20679553928494e-07,0,0
85,G,0.7896631956100464,0.2099524438381195,0.0002159412979381159,1.0487008239579154e-07,0.00016442961350549012,3.878676579915918e-06,0,0
86,K,0.7717328071594238,0.22567132115364075,0.0023835208266973495,3.1036151426633296e-07,0.00020648655481636524,5.499457984114997e-06,0,0
87,K,0.671646773815155,0.31751298904418945,0.010313709266483784,5.31007742665679e-07,0.0005163458408787847,9.626237442716956e-06,0,0
88,L,0.5168492794036865,0.45026665925979614,0.03152647614479065,2.3307900676172721e-07,0.001342114293947816,1.5229546988848597e-05,0,0
89,N,0.2959228456020355,0.6474524736404419,0.05268096178770065,1.2134968301324989e-06,0.0038639591075479984,7.855512376409024e-05,1,0
90,D,0.37325718998908997,0.6001425385475159,0.01959024928510189,2.946073664134019e-06,0.006918421480804682,8.86670604813844e-05,1,0
91,S,0.15821315348148346,0.8009639978408813,0.03871631622314453,5.8004598031402566e-06,0.0019898000173270702,0.00011109215847682208,1,0
92,I,0.33656638860702515,0.6596441864967346,0.0026278856676071882,7.02351087511488e-07,0.001108368276618421,5.248158049653284e-05,1,0
93,Y,0.4151398539543152,0.5728527307510376,0.010942685417830944,1.829483380788588e-06,0.000972338137216866,9.052023233380169e-05,1,0
94,V,0.4093552231788635,0.5847995281219482,0.00520377466455102,9.457453415961936e-07,0.0005868369480594993,5.366627738112584e-05,1,0
95,S,0.221299409866333,0.7702727317810059,0.0073996856808662415,6.663420208496973e-06,0.0006754696369171143,0.00034608118585310876,1,0
96,L,0.6525410413742065,0.34454309940338135,0.002310096751898527,2.5353042474307586e-06,0.0002427854633424431,0.0003605119709391147,0,0
97,T,0.6688936948776245,0.330355703830719,0.00036192830884829164,7.024494834695361e-07,0.00013822632899973541,0.0002497912500984967,0,0
98,D,0.5599340200424194,0.43863192200660706,0.001028043800033629,1.1487186384329107e-06,0.00010310149809811264,0.00030182613409124315,0,0
99,H,0.4513096809387207,0.5439896583557129,0.002654115203768015,3.796101009356789e-05,0.0008304206421598792,0.001178223523311317,1,0
100,I,0.7358304858207703,0.2635452449321747,3.079936868743971e-05,8.095962584775407e-07,0.00014456312055699527,0.0004480152274481952,0,0
101,N,0.6758308410644531,0.3220311105251312,0.0012811003252863884,3.5989578464068472e-06,0.0002361705992370844,0.0006172020803205669,0,0
102,F,0.5504319071769714,0.43757715821266174,0.007823025807738304,1.955644620466046e-05,0.002838150830939412,0.00131021230481565,0,0
103,A,0.7435821294784546,0.2545931935310364,0.0004863442445639521,4.069378974236315e-06,0.0004640777187887579,0.0008702102350071073,0,0
104,I,0.7840920686721802,0.21551093459129333,8.028587035369128e-05,5.749105866925674e-07,0.0001232896320289001,0.0001928809506352991,0,0
105,Q,0.6522465944290161,0.3448182940483093,0.0022907424718141556,2.0087063603568822e-06,0.00023777002934366465,0.0004046178364660591,0,0
106,R,0.40659278631210327,0.5834237337112427,0.007369779050350189,1.0458182259753812e-05,0.001675212406553328,0.0009280425729230046,1,0
107,N,0.7285621166229248,0.26977282762527466,0.0009318201919086277,7.27181884485617e-07,0.0005587614723481238,0.0001737276033964008,0,0
108,Q,0.7010800242424011,0.29647740721702576,0.0020022920798510313,6.293359433584556e-07,0.00036298049963079393,7.660377013962716e-05,0,0
109,K,0.44030967354774475,0.466766357421875,0.0914938747882843,4.510256530920742e-06,0.0013163498369976878,0.00010927145194727927,1,0
110,G,0.7679805159568787,0.22870592772960663,0.0021608180832117796,1.0832713996933307e-06,0.0011097900569438934,4.18700510635972e-05,0,0
111,L,0.7331199049949646,0.25863876938819885,0.0038733265828341246,1.0126780580321793e-05,0.004262409172952175,9.549227252136916e-05,0,0
112,D,0.7541278004646301,0.243184894323349,0.0005157130071893334,9.397864459970151e-07,0.002123344223946333,4.728360363515094e-05,0,0
113,I,0.501501202583313,0.4472126066684723,0.008172689005732536,1.627990059205331e-05,0.0429091677069664,0.00018808104505296797,0,1
114,K,0.4292762279510498,0.43374910950660706,0.017519693821668625,5.968786354060285e-05,0.11911256611347198,0.0002826425770763308,1,1
115,N,0.4690787196159363,0.4008804261684418,0.03606206178665161,3.1891675462247804e-05,0.09314213693141937,0.0008047643350437284,0,1
116,A,0.6601824760437012,0.32294195890426636,0.006367731839418411,2.4824217689456418e-05,0.010401569306850433,8.146165055222809e-05,0,0
117,L,0.38164034485816956,0.4080774188041687,0.03150777891278267,6.435036630136892e-05,0.17833538353443146,0.00037470151437446475,1,1
118,L,0.7540656328201294,0.23501482605934143,0.004921003244817257,1.2697314559773076e-05,0.005958957597613335,2.699496690183878e-05,0,0
119,W,0.40265029668807983,0.4304940104484558,0.07266879081726074,5.4081105190562084e-05,0.09389553964138031,0.000237232496147044,1,1
120,E,0.6313295364379883,0.35153767466545105,0.012030577287077904,4.401002115628216e-06,0.005050402134656906,4.737050039693713e-05,0,0
121,T,0.7870375514030457,0.21222329139709473,0.00025314331287518144,2.0414008758962154e-06,0.00046518995077349246,1.8772723706206307e-05,0,0
122,K,0.7200350761413574,0.2705288231372833,0.00855804979801178,2.9068921776342904e-06,0.0008636179263703525,1.1510755939525552e-05,0,0
123,R,0.6109151840209961,0.3757741451263428,0.008009062148630619,3.0590085771109443e-06,0.005262091755867004,3.646532786660828e-05,0,0
124,L,0.6705517768859863,0.31726500391960144,0.007474382407963276,5.542020517168567e-06,0.004651752766221762,5.158600470167585e-05,0,0
125,Y,0.7796450853347778,0.21274209022521973,0.0032674744725227356,1.1699517926899716e-05,0.0042921206913888454,4.1584855352994055e-05,0,0
126,K,0.7950948476791382,0.2038850337266922,0.0001387318188790232,2.5671649837022414e-06,0.0008634024416096509,1.5377647287095897e-05,0,0
127,D,0.7988187670707703,0.20089390873908997,6.092496187193319e-05,8.034165261960879e-07,0.00022172636818140745,3.925151759176515e-06,0,0
128,E,0.7983430624008179,0.20142368972301483,3.791085327975452e-05,4.3001449512303225e-07,0.00019145836995448917,3.4865638554038014e-06,0,0
129,F,0.7995219826698303,0.2004224956035614,2.2106118194642477e-05,2.9461290296239895e-07,3.265737177571282e-05,5.362668957786809e-07,0,0
130,A,0.7999809980392456,0.20001354813575745,2.376164729867014e-06,3.327507869244073e-08,3.0893054372427287e-06,1.7877059832471787e-08,0,0
131,I,0.7999971508979797,0.2000015676021576,4.832758691009076e-07,3.409523685604654e-08,7.762382665532641e-07,3.871157616686105e-09,0,0
132,G,0.7999918460845947,0.20000529289245605,7.474105245819374e-07,3.0895790814611246e-08,2.0909656086587347e-06,2.0386890398071955e-08,0,0
133,K,0.7999662160873413,0.2000264674425125,5.63045659873751e-06,3.196758058265914e-08,1.6114059917526902e-06,1.956789930090963e-08,0,0
134,E,0.7998274564743042,0.20016345381736755,6.431665497075301e-06,1.1023289836487038e-08,2.6448865355632734e-06,2.6759119364783146e-08,0,0
135,A,0.7999738454818726,0.20002242922782898,2.7833118565467885e-06,7.233494692115983e-09,8.885184570317506e-07,1.1557647283666483e-08,0,0
136,L,0.7999333143234253,0.20006063580513,2.877414090107777e-06,2.2184698522664803e-08,3.0987926038505975e-06,8.150031760578713e-08,0,0
137,V,0.7997162938117981,0.20025940239429474,1.9136939954478294e-05,6.884183534339172e-08,5.051697371527553e-06,5.377033218678662e-08,0,0
138,M,0.799432635307312,0.20055162906646729,1.2390215488267131e-05,6.562546417399062e-08,3.2310913411492947e-06,3.754360022867331e-08,0,0
139,V,0.7999702095985413,0.200026273727417,2.455800768075278e-06,2.1703865371591746e-08,1.044629470925429e-06,2.1606714639688107e-08,0,0
140,K,0.7995103597640991,0.200453519821167,3.072034814977087e-05,2.1927550619693648e-07,5.120019068272086e-06,1.0993490917599047e-07,0,0
141,N,0.7993075251579285,0.20067910850048065,4.468440693017328e-06,1.0014916540512786e-07,8.528144462616183e-06,2.178121860652027e-07,0,0
142,K,0.7996963858604431,0.20028440654277802,1.2765665815095417e-05,6.851648493011453e-08,6.279541594267357e-06,5.087107268764157e-08,0,0
143,T,0.7999863624572754,0.20001116394996643,6.861970405225293e-07,2.4399042786171776e-08,1.7967338408197975e-06,1.251089543075068e-08,0,0
144,G,0.7999621629714966,0.20003266632556915,1.5813296840860858e-06,4.035820211356622e-08,3.576087692636065e-06,3.976261808702475e-08,0,0
145,V,0.799954354763031,0.2000407725572586,6.893873205626733e-07,3.017007088601531e-08,4.0326003727386706e-06,7.032397775219579e-08,0,0
146,S,0.7996140718460083,0.20035918056964874,3.0943751880840864e-06,4.264814634780123e-08,2.3256754502654076e-05,3.5095814610031084e-07,0,0
147,L,0.7978805899620056,0.20204034447669983,1.1624503713392187e-05,6.833883503531979e-08,6.633334851358086e-05,1.0023343293141806e-06,0,0
148,P,0.7976846694946289,0.20117168128490448,7.370605453616008e-05,1.933663043018896e-06,0.0010650557233020663,2.9099696803314146e-06,0,0
149,E,0.799248993396759,0.20043739676475525,4.82348732475657e-05,2.1785394892503973e-06,0.0002624551998451352,7.48166598896205e-07,0,0
150,D,0.7812172174453735,0.21363362669944763,0.0036013424396514893,1.6344736650353298e-05,0.0015216305619105697,9.812991265789606e-06,0,0
151,E,0.7915748357772827,0.20335988700389862,0.0020678394939750433,3.5822566132992506e-05,0.002959130797535181,2.475253268130473e-06,0,0
152,A,0.7994760870933533,0.20013150572776794,0.0001005854137474671,3.843073500320315e-06,0.00028741400456056,5.90381489473657e-07,0,0
153,G,0.7756608128547668,0.21360234916210175,0.007905910722911358,4.4767548388335854e-05,0.00276543153449893,2.0783900254173204e-05,0,0
154,F,0.615956723690033,0.2361893653869629,0.13236764073371887,0.0011766115203499794,0.01423073373734951,7.891473069321364e-05,0,1
155,I,0.798603355884552,0.20023222267627716,0.00019176435307599604,1.3809612937620841e-05,0.0009531724499538541,5.753653113060864e-06,0,0
156,A,0.7981106042861938,0.20049186050891876,0.0001038087866618298,1.731053453113418e-05,0.001258525182493031,1.7893758922582492e-05,0,0
157,L,0.7264026999473572,0.21235628426074982,0.025149574503302574,6.902448512846604e-05,0.035977672785520554,4.472709042602219e-05,0,1
158,H,0.594075620174408,0.266755074262619,0.03761683776974678,0.0001125769194914028,0.1012846827507019,0.0001551957248011604,0,1
159,I,0.7912968397140503,0.2055935114622116,0.0020638362038880587,4.448422259883955e-06,0.0010301625588908792,1.1219080988666974e-05,0,0
160,V,0.7520908117294312,0.23662790656089783,0.008443163707852364,4.808868197869742e-06,0.0027836356312036514,4.9632275477051735e-05,0,0
161,N,0.3767295181751251,0.5133309364318848,0.08231455087661743,1.2312790204305202e-05,0.027324160560965538,0.0002885064750444144,1,1
162,A,0.6502147912979126,0.3099284768104553,0.03641514480113983,1.8827662415787927e-06,0.0033027182798832655,0.00013695126108359545,0,0
163,E,0.5562035441398621,0.3547608256340027,0.08560554683208466,1.5513105608988553e-06,0.00331628555431962,0.00011228346556890756,0,0
164,L,0.4997367262840271,0.4104672968387604,0.08781595528125763,4.063339929416543e-06,0.0019102493533864617,6.569404649781063e-05,0,0
165,N,0.2365555763244629,0.6160434484481812,0.14415010809898376,1.6918458641157486e-05,0.0031075221486389637,0.00012641485955100507,1,0
166,E,0.4461612105369568,0.4374006390571594,0.11393662542104721,8.831809282128233e-06,0.00243081571534276,6.191317515913397e-05,0,0
167,E,0.3481704592704773,0.5105920433998108,0.13629965484142303,0.00017423660028725863,0.004672115668654442,9.148229582933709e-05,1,0
168,M,0.35273605585098267,0.5074912905693054,0.12054953724145889,0.00013640991528518498,0.018942389637231827,0.00014430512965191156,1,1
169,P,0.28566327691078186,0.6805382966995239,0.031134415417909622,4.69118203909602e-05,0.002556805731728673,6.030908480170183e-05,1,0
170,N,0.45113644003868103,0.5276007652282715,0.01860066130757332,9.991617844207212e-06,0.0026222229935228825,2.9949243980809115e-05,1,0
171,I,0.31553369760513306,0.6178434491157532,0.05650804191827774,5.370367944124155e-05,0.009974554181098938,8.656158024678007e-05,1,0
172,I,0.3779028058052063,0.6000567674636841,0.018814392387866974,7.271194590430241e-06,0.0031845620833337307,3.4216071071568877e-05,1,0
173,N,0.5012632608413696,0.4914011061191559,0.005515535362064838,1.348214027530048e-06,0.00179163902066648,2.7107706046081148e-05,0,0
174,I,0.5605727434158325,0.43429023027420044,0.004405430518090725,1.14211616164539e-06,0.000713291228748858,1.7213929822901264e-05,0,0
175,T,0.406766802072525,0.589393138885498,0.0032997981179505587,5.395919515649439e-07,0.0005243189516477287,1.5397035895148292e-05,1,0
176,K,0.4985331594944,0.4992749094963074,0.0016489004483446479,3.076406187574321e-07,0.0005277662421576679,1.493725176260341e-05,1,0
177,V,0.6857792139053345,0.31358617544174194,0.0002391863672528416,7.161953874401661e-08,0.00038497248897328973,1.0310779543942772e-05,0,0
178,M,0.7571629285812378,0.24259109795093536,0.00012339811655692756,3.976172280317769e-08,0.00011790767166530713,4.629162958735833e-06,0,0
179,Q,0.6406803727149963,0.3584510087966919,0.0005388590507209301,1.3348119409783976e-07,0.000313153606839478,1.6475671145599335e-05,0,0
180,E,0.7485188841819763,0.25119322538375854,0.00012011942453682423,3.855895869264714e-08,0.00016375708219129592,3.9670653677603696e-06,0,0
181,I,0.79318767786026,0.20671668648719788,4.505854667513631e-05,2.8873515134364425e-08,4.92832696181722e-05,1.2791533663403243e-06,0,0
182,L,0.768699049949646,0.23111800849437714,7.437678141286597e-05,5.220535825856132e-08,0.00010462097270647064,3.889055733452551e-06,0,0
183,S,0.6841810345649719,0.31459999084472656,0.0010517686605453491,9.668502798376721e-08,0.0001585113350301981,8.63327477418352e-06,0,0
184,I,0.7873467206954956,0.2124677449464798,0.0001391051773680374,3.413372269278625e-07,4.4846667151432484e-05,1.238057279806526e-06,0,0
185,V,0.7983912229537964,0.20157328248023987,2.012473669310566e-05,3.518996294360477e-08,1.4705781723023392e-05,6.39318216144602e-07,0,0
186,K,0.6942608952522278,0.3042975068092346,0.0011887176660820842,3.452679493420874e-07,0.0002477607340551913,4.829352292290423e-06,0,0
187,Y,0.7020171284675598,0.2919120788574219,0.005380820948630571,1.1036546538889525e-06,0.0006840330897830427,4.876977072854061e-06,0,0
188,H,0.7324316501617432,0.2600996494293213,0.006976091302931309,5.153750066710927e-07,0.000485350756207481,6.670560651400592e-06,0,0
189,F,0.7338164448738098,0.25003582239151,0.016010906547307968,6.187495387166564e-07,0.00013344739272724837,2.7834862521558534e-06,0,0
190,K,0.7618532180786133,0.2367364466190338,0.0012812577188014984,9.466789379075635e-07,0.00012701083323918283,1.069958443622454e-06,0,0
191,I,0.7960227727890015,0.2038339078426361,8.725268708076328e-05,1.889538481236741e-07,5.4864918638486415e-05,9.63681713983533e-07,0,0
192,E,0.7744606137275696,0.2250777781009674,0.0004127942374907434,1.5325201729865512e-07,4.84426345792599e-05,2.5208970555468113e-07,0,0
193,F,0.7913635969161987,0.20845970511436462,8.56588885653764e-05,3.0560775599042245e-07,8.932103082770482e-05,1.3852306892658817e-06,0,0
194,N,0.7463936805725098,0.25247102975845337,0.0009716859785839915,2.2213141903648648e-07,0.00016273230721708387,6.835789463366382e-07,0,0
195,E,0.6624413728713989,0.3346171975135803,0.0027661086060106754,6.986614380366518e-07,0.00017114743241108954,3.494223619782133e-06,0,0
196,E,0.6039071083068848,0.3905515968799591,0.004329262301325798,1.830974383665307e-06,0.0012032934464514256,7.0023161242716014e-06,0,0
197,S,0.6198503971099854,0.36656293272972107,0.006604653783142567,9.279920959670562e-06,0.006943596061319113,2.9123370040906593e-05,0,0
198,L,0.42556485533714294,0.41806989908218384,0.07433467358350754,5.589551437878981e-05,0.081924207508564,5.048270759289153e-05,0,1
199,H,0.3430618941783905,0.46918734908103943,0.1465340554714203,1.725949732644949e-05,0.04111408814787865,8.530878403689712e-05,1,1
200,Y,0.6262854337692261,0.31575843691825867,0.04350467771291733,8.547882316634059e-06,0.014411672949790955,3.1255876820068806e-05,0,1
201,Y,0.2820625901222229,0.4900617003440857,0.17085035145282745,5.538106779567897e-05,0.05685588717460632,0.00011408117279643193,1,1
202,R,0.1015419214963913,0.5840600728988647,0.2256079465150833,0.00017644802574068308,0.08779538422822952,0.0008182362653315067,1,1
203,F,0.7547795176506042,0.23696406185626984,0.006228026933968067,1.092054935725173e-05,0.001949826953932643,6.761529220966622e-05,0,0
204,V,0.7954727411270142,0.20269694924354553,0.0001964344846783206,6.379089427355211e-06,0.0016012160340324044,2.631535789987538e-05,0,0
205,T,0.7249261140823364,0.24253948032855988,0.010415392927825451,1.9756103938561864e-05,0.021940292790532112,0.00015887111658230424,0,1
206,H,0.6053178906440735,0.3113552927970886,0.016431663185358047,0.00014648688375018537,0.06570330262184143,0.0010454092407599092,0,1
207,L,0.797278106212616,0.20231905579566956,9.595676965545863e-05,1.5654168237233534e-06,0.0002757461916189641,2.9513093977584504e-05,0,0
208,K,0.6899726986885071,0.26627910137176514,0.02728835865855217,1.9528059056028724e-05,0.0159184280782938,0.0005219145095907152,0,1
209,F,0.5112518072128296,0.325228750705719,0.1326950341463089,0.00011297117453068495,0.030001217499375343,0.0007102859090082347,0,1
210,F,0.7852944731712341,0.2071302831172943,0.003924740944057703,1.2359885658952408e-05,0.003404600080102682,0.00023347014212049544,0,0
211,A,0.7864229083061218,0.21205338835716248,0.001030171406455338,8.831255513541691e-07,0.00039432235644198954,9.835897071752697e-05,0,0
212,Q,0.6354579329490662,0.2950621545314789,0.0674014613032341,2.4738992578932084e-06,0.0019577050115913153,0.00011826516129076481,0,0
213,R,0.3681897521018982,0.427010715007782,0.20138788223266602,8.250598511949647e-06,0.003200375707820058,0.00020305265206843615,1,0
214,L,0.7258626222610474,0.26817893981933594,0.005686196964234114,1.8638448295860144e-07,0.00026122317649424076,1.0832251064130105e-05,0,0
215,F,0.5495358109474182,0.4255056381225586,0.02385036274790764,2.3539735138911055e-07,0.0010707019828259945,3.7262729165377095e-05,0,0
216,N,0.41913366317749023,0.49962693452835083,0.08013103902339935,6.137849482001911e-07,0.0010491319699212909,5.860379314981401e-05,1,0
217,G,0.49101167917251587,0.49820226430892944,0.009886657819151878,1.795529271930718e-07,0.000847715709824115,5.148451964487322e-05,1,0
218,T,0.5681151151657104,0.40782031416893005,0.023172324523329735,3.1178885251392785e-07,0.0008643812616355717,2.7558135116123594e-05,0,0
219,H,0.4662783741950989,0.5009636878967285,0.03008333407342434,3.6324780694485526e-07,0.0026279340963810682,4.630766488844529e-05,1,0
220,M,0.6066139936447144,0.3702738583087921,0.020324526354670525,1.1148938483529491e-07,0.0027833713684231043,4.15692829847103e-06,0,0
221,E,0.6253692507743835,0.3536197543144226,0.01846781000494957,1.7192647305819264e-07,0.002541761379688978,1.2273455922695575e-06,0,0
222,S,0.7535457611083984,0.24357470870018005,0.0024355000350624323,4.888189053531278e-08,0.00044341725879348814,5.629106567539566e-07,0,0
223,Q,0.7285516858100891,0.2573867738246918,0.01265265978872776,2.360038990900648e-07,0.0014078480890020728,7.777274504405796e-07,0,0
224,D,0.7786834836006165,0.21009135246276855,0.010316962376236916,1.2872483523551637e-07,0.0009069632505998015,1.0922027513515786e-06,0,0
225,D,0.7836240530014038,0.2137802094221115,0.0019195793429389596,9.504848463848248e-08,0.0006724417326040566,3.633806727521005e-06,0,0
226,F,0.6469215154647827,0.31189602613449097,0.039514850825071335,5.19156515110808e-07,0.0016581648960709572,8.884960152499843e-06,0,0
227,L,0.7338906526565552,0.23150989413261414,0.03417595103383064,2.0562842450999597e-07,0.0004213993379380554,1.885980054794345e-06,0,0
228,L,0.7788164019584656,0.20788732171058655,0.013137735426425934,2.4337259674211964e-07,0.00015682615048717707,1.5036532658996293e-06,0,0
229,D,0.7785016298294067,0.20823398232460022,0.013078883290290833,1.3889071226458327e-07,0.00018169565009884536,3.6721980904985685e-06,0,0
230,T,0.7352750301361084,0.2520577907562256,0.012007025070488453,3.659271783362783e-07,0.0006454932736232877,1.4343529983307235e-05,0,0
231,V,0.7997387051582336,0.20018143951892853,4.769095539813861e-05,5.335363084668643e-08,3.160350024700165e-05,5.118657782077207e-07,0,0
232,K,0.7918162941932678,0.20773668587207794,0.00028427207143977284,1.3709539814499294e-07,0.0001545562845421955,8.042770787142217e-06,0,0
233,E,0.7685802578926086,0.22751784324645996,0.0034136369358748198,2.276329240658015e-07,0.00047972131869755685,8.279223038698547e-06,0,0
234,K,0.727447509765625,0.25960758328437805,0.009718358516693115,1.6632078541078954e-06,0.003189482493326068,3.533067138050683e-05,0,0
235,Y,0.7979974746704102,0.20159736275672913,0.0002052822383120656,2.8207654167999863e-07,0.00019574018369894475,3.836424639303004e-06,0,0
236,H,0.7980843782424927,0.20169444382190704,8.858164073899388e-05,1.7181589839765365e-07,0.00012874885578639805,3.734970960067585e-06,0,0
237,R,0.7957491278648376,0.2035837471485138,0.0005932323983870447,1.0912194881029791e-07,6.902894529048353e-05,4.790926595887868e-06,0,0
238,A,0.7997640371322632,0.2002171277999878,6.1257401284819935e-06,1.6322198703733193e-08,1.217277349496726e-05,5.246365049060842e-07,0,0
239,Y,0.7985631823539734,0.20139041543006897,2.9649474527104758e-05,3.029742856597295e-08,1.4909526726114564e-05,1.8265220660396153e-06,0,0
240,E,0.7983661890029907,0.201608806848526,1.4244620615500025e-05,9.30091914597142e-09,9.177672836813144e-06,1.5773426866871887e-06,0,0
241,C,0.7996124029159546,0.2003820687532425,2.1061493953311583e-06,4.054654390017731e-09,2.9358177471294766e-06,4.449039465725946e-07,0,0
242,T,0.7999320030212402,0.2000638246536255,1.3487599517247872e-06,6.307624200729833e-09,2.6278553377778735e-06,1.4633862122082064e-07,0,0
243,K,0.7994896173477173,0.20047593116760254,1.4280654795584269e-05,1.7755269254848827e-08,1.9035451259696856e-05,1.1436169415901531e-06,0,0
244,K,0.7971197366714478,0.20256634056568146,0.00028172810561954975,2.215239014446979e-08,3.04406803479651e-05,1.7097406725952169e-06,0,0
245,I,0.7998972535133362,0.20009586215019226,1.2658254036068683e-06,1.042075759016825e-08,5.399549081630539e-06,3.073211871651438e-07,0,0
246,Q,0.7986968159675598,0.20125171542167664,1.615302790014539e-05,2.018627043298693e-08,3.1585914257448167e-05,3.7047407204227056e-06,0,0
247,T,0.794660747051239,0.20524153113365173,5.31498299096711e-05,2.2672603350315512e-08,3.9204976928886026e-05,5.285661700327182e-06,0,0
248,Y,0.7968650460243225,0.20306864380836487,1.6895932276383974e-05,3.3121754228204736e-08,4.715099203167483e-05,2.223039246018743e-06,0,0
249,I,0.7997397184371948,0.20025193691253662,2.418211806798354e-06,1.0148421658584539e-08,5.149874596099835e-06,7.743725518594147e-07,0,0
250,E,0.7959359884262085,0.20401974022388458,2.699283322726842e-05,4.82009063773603e-08,1.620268085389398e-05,1.0202398925684975e-06,0,0
251,R,0.7747585773468018,0.2250198870897293,0.00011779795022448525,8.933753292694746e-08,9.292076720157638e-05,1.0798578841786366e-05,0,0
252,E,0.794407844543457,0.20535115897655487,0.00016952294390648603,5.860427876314134e-08,7.052939326968044e-05,8.992093398774159e-07,0,0
253,Y,0.7986334562301636,0.20128440856933594,5.02297880302649e-05,7.056373618752332e-08,3.125060902675614e-05,6.264428975555347e-07,0,0
254,E,0.7991682291030884,0.20079445838928223,1.776882345438935e-05,2.5339133458146534e-08,1.8887247279053554e-05,6.600772053388937e-07,0,0
255,H,0.7988609075546265,0.2010766565799713,3.6598863516701385e-05,3.506192669533448e-08,2.494128784746863e-05,8.266082431873656e-07,0,0
256,K,0.7981698513031006,0.20177540183067322,4.140375676797703e-05,1.9762357084118776e-08,1.2478737517085392e-05,8.55188659443229e-07,0,0
257,L,0.7997945547103882,0.20017483830451965,1.1929535503441002e-05,1.3710914181785938e-08,1.824230457714293e-05,4.7534786062897183e-07,0,0
258,T,0.7985816597938538,0.2009727954864502,0.000384243467124179,2.372595098165675e-08,6.059902807464823e-05,7.17845466624567e-07,0,0
259,S,0.7980458736419678,0.20101556181907654,0.0009076966089196503,3.0760674007979105e-08,3.030219886568375e-05,5.376101626097807e-07,0,0
260,D,0.7828993201255798,0.2120210826396942,0.004994486458599567,2.867061610345445e-08,8.301975321955979e-05,2.0637112356780563e-06,0,0
261,E,0.7968751192092896,0.20144733786582947,0.0016402952605858445,2.8532463502983774e-08,3.708470467245206e-05,1.4227269673483534e-07,0,0
262,L,0.7996852993965149,0.20020082592964172,9.128145029535517e-05,2.2780698216706696e-08,2.2168018404045142e-05,3.840098088403465e-07,0,0
263,L,0.7990720272064209,0.20050597190856934,0.0003844156744889915,3.251743763144077e-08,3.5955301427748054e-05,1.5506217323491e-06,0,0
264,Y,0.6052049398422241,0.26096051931381226,0.1326257437467575,1.5779296518303454e-06,0.0011748145334422588,3.249298606533557e-05,0,0
265,L,0.7968363761901855,0.20237061381340027,0.0005532486247830093,1.930879136580188e-07,0.00020907874568365514,3.0513174351654015e-05,0,0
266,T,0.7979019284248352,0.20184426009655,0.00016127400158438832,1.1523574983129947e-07,7.090594590408728e-05,2.1499536160263233e-05,0,0
267,I,0.7856656312942505,0.20940947532653809,0.004250535275787115,3.290685413048777e-07,0.000612502102740109,6.152143760118634e-05,0,0
268,H,0.692655086517334,0.22125045955181122,0.0742691233754158,4.199252089165384e-06,0.011665630154311657,0.00015549911768175662,0,1
269,I,0.796150803565979,0.20291480422019958,0.0007358164875768125,1.6294353599732858e-07,0.00017750801634974778,2.0851850422332063e-05,0,0
270,E,0.5460805892944336,0.4201846122741699,0.032158516347408295,1.2705601193374605e-07,0.0014603594318032265,0.00011575793905649334,0,0
271,R,0.15608720481395721,0.7070122957229614,0.12997375428676605,8.234013648689142e-07,0.006812850944697857,0.00011300002370262519,1,0
272,V,0.6650903224945068,0.33184388279914856,0.002237860346212983,1.1616518946766519e-07,0.0007247499306686223,0.00010311689402442425,0,0
273,V,0.7133063077926636,0.28539952635765076,0.001054166816174984,3.350162813831048e-08,0.00020359447808004916,3.645346441771835e-05,0,0
274,K,0.15684857964515686,0.8061029314994812,0.03663177415728569,9.168669379278072e-08,0.00037441193126142025,4.228944089845754e-05,1,0
275,Q,0.01952408440411091,0.9044443368911743,0.07530312240123749,5.396228885956589e-08,0.0006756024085916579,5.2911123930243775e-05,1,0
276,A,0.6390534043312073,0.3600940704345703,0.0007382311741821468,5.839579486632829e-08,0.00010260363342240453,1.1747258213290479e-05,0,0
